{
  "total_invested": 1461.2000000000003,
  "total_bought": 0.021110000000000004,
  "last_z_value": 1,
  "last_buy_time": "2026-03-12T08:00:02.344386",
  "buy_count": 8
}