{
  "total_invested": 1643.8500000000004,
  "total_bought": 0.023700000000000002,
  "last_z_value": 1,
  "last_buy_time": "2026-03-13T08:00:02.154535",
  "buy_count": 9
}