{
  "total_invested": 2191.8000000000006,
  "total_bought": 0.03135,
  "last_z_value": 1,
  "last_buy_time": "2026-03-19T07:50:09.507353",
  "buy_count": 12
}